1) transaction (S3 Tables)

CREATE TABLE `testnamespace`.transaction (
transaction_id int,
card_number string,
merchant_id string,
type string,
amount double,
transaction_time timestamp,
transaction_date date)
PARTITIONED BY (month(transaction_date))
TBLPROPERTIES ('table_type' = 'iceberg');

INSERT INTO transaction
VALUES
(1,'TEST-45671234','MERCH-1012','purchase',123.45,TIMESTAMP '2025-05-18 09:15:23',DATE '2025-05-18'),
(2,'TEST-78932165','MERCH-1045','authorization',67.89,TIMESTAMP '2025-05-18 09:22:14',DATE '2025-05-18'),
(3,'TEST-12387654','MERCH-1001','transfer',6789.21,TIMESTAMP '2025-05-18 09:45:32',DATE '2025-05-18'),
(4,'TEST-89012543','MERCH-1003','capture',89.99,TIMESTAMP '2025-05-18 10:01:45',DATE '2025-05-18'),
(5,'TEST-23459876','MERCH-1022','purchase',234.56,TIMESTAMP '2025-05-18 10:12:33',DATE '2025-05-18'),
(6,'TEST-56784321','MERCH-1008','verification',45.67,TIMESTAMP '2025-05-18 10:25:17',DATE '2025-05-18'),
(7,'TEST-90126789','MERCH-1006','settlement',789.12,TIMESTAMP '2025-05-18 10:36:42',DATE '2025-05-18'),
(8,'TEST-34567812','MERCH-1015','transfer',5432.78,TIMESTAMP '2025-05-18 10:48:59',DATE '2025-05-18'),
(9,'TEST-67893456','MERCH-1024','refund',34.99,TIMESTAMP '2025-05-18 11:03:21',DATE '2025-05-18'),
(10,'TEST-01238765','MERCH-1005','void',445.00,TIMESTAMP '2025-05-18 11:15:44',DATE '2025-05-18'),
(11,'TEST-45679012','MERCH-1002','chargeback',67.50,TIMESTAMP '2025-05-18 11:22:15',DATE '2025-05-18'),
(12,'TEST-78901234','MERCH-1013','pre-authorization',123.99,TIMESTAMP '2025-05-18 11:34:28',DATE '2025-05-18'),
(13,'TEST-12345987','MERCH-1034','settlement',892.45,TIMESTAMP '2025-05-18 11:45:55',DATE '2025-05-18'),
(14,'TEST-89012675','MERCH-1007','purchase',76.23,TIMESTAMP '2025-05-18 11:56:32',DATE '2025-05-18'),
(15,'TEST-23456123','MERCH-1019','authorization',234.89,TIMESTAMP '2025-05-18 12:05:14',DATE '2025-05-18'),
(16,'TEST-56789345','MERCH-1042','transfer',7567.90,TIMESTAMP '2025-05-18 12:15:27',DATE '2025-05-18'),
(17,'TEST-90123876','MERCH-1016','verification',98.76,TIMESTAMP '2025-05-18 12:25:48',DATE '2025-05-18'),
(18,'TEST-34567123','MERCH-1040','capture',345.67,TIMESTAMP '2025-05-18 12:35:19',DATE '2025-05-18'),
(19,'TEST-67890987','MERCH-1026','settlement',456.78,TIMESTAMP '2025-05-18 12:45:33',DATE '2025-05-18'),
(20,'TEST-01234562','MERCH-1021','purchase',234.56,TIMESTAMP '2025-05-18 12:55:46',DATE '2025-05-18'),
(21,'TEST-45678234','MERCH-1003','void',87.65,TIMESTAMP '2025-05-18 13:05:22',DATE '2025-05-18'),
(22,'TEST-78901876','MERCH-1001','chargeback',543.21,TIMESTAMP '2025-05-18 13:15:37',DATE '2025-05-18'),
(23,'TEST-12345432','MERCH-1008','authorization',198.45,TIMESTAMP '2025-05-18 13:25:48',DATE '2025-05-18'),
(24,'TEST-89012987','MERCH-1015','transfer',6067.89,TIMESTAMP '2025-05-18 13:35:59',DATE '2025-05-18'),
(25,'TEST-23456543','MERCH-1004','capture',445.67,TIMESTAMP '2025-05-18 13:45:12',DATE '2025-05-18'),
(26,'TEST-56789123','MERCH-1052','verification',234.56,TIMESTAMP '2025-05-18 13:55:25',DATE '2025-05-18'),
(27,'TEST-90123654','MERCH-1056','settlement',678.90,TIMESTAMP '2025-05-18 14:05:38',DATE '2025-05-18'),
(28,'TEST-34567890','MERCH-1014','purchase',123.45,TIMESTAMP '2025-05-18 14:15:51',DATE '2025-05-18'),
(29,'TEST-67890432','MERCH-1071','refund',345.67,TIMESTAMP '2025-05-18 14:25:04',DATE '2025-05-18'),
(30,'TEST-01234987','MERCH-1005','void',567.89,TIMESTAMP '2025-05-18 14:35:17',DATE '2025-05-18'),
(31,'TEST-45678543','MERCH-1003','pre-authorization',89.99,TIMESTAMP '2025-05-18 14:45:30',DATE '2025-05-18'),
(32,'TEST-78901123','MERCH-1022','chargeback',234.56,TIMESTAMP '2025-05-18 14:55:43',DATE '2025-05-18'),
(33,'TEST-12345654','MERCH-1010','authorization',456.78,TIMESTAMP '2025-05-18 15:05:56',DATE '2025-05-18'),
(34,'TEST-89012234','MERCH-1006','capture',678.90,TIMESTAMP '2025-05-18 15:15:09',DATE '2025-05-18'),
(35,'TEST-23456765','MERCH-1008','settlement',123.45,TIMESTAMP '2025-05-18 15:25:22',DATE '2025-05-18'),
(36,'TEST-56789876','MERCH-1001','verification',345.67,TIMESTAMP '2025-05-18 15:35:35',DATE '2025-05-18'),
(37,'TEST-90123432','MERCH-1002','transfer',5567.89,TIMESTAMP '2025-05-18 15:45:48',DATE '2025-05-18'),
(38,'TEST-34567987','MERCH-1017','purchase',789.12,TIMESTAMP '2025-05-18 15:55:01',DATE '2025-05-18'),
(39,'TEST-67890543','MERCH-1060','void',234.56,TIMESTAMP '2025-05-18 16:05:14',DATE '2025-05-18'),
(40,'TEST-01234123','MERCH-1083','chargeback',456.78,TIMESTAMP '2025-05-18 16:15:27',DATE '2025-05-18'),
(41,'TEST-45678654','MERCH-1090','pre-authorization',678.90,TIMESTAMP '2025-05-18 16:25:40',DATE '2025-05-18'),
(42,'TEST-78901234','MERCH-1096','authorization',123.45,TIMESTAMP '2025-05-18 16:35:53',DATE '2025-05-18'),
(43,'TEST-12345765','MERCH-1059','capture',345.67,TIMESTAMP '2025-05-18 16:45:06',DATE '2025-05-18'),
(44,'TEST-89012876','MERCH-1033','settlement',567.89,TIMESTAMP '2025-05-18 16:55:19',DATE '2025-05-18'),
(45,'TEST-23456432','MERCH-1044','verification',789.12,TIMESTAMP '2025-05-18 17:05:32',DATE '2025-05-18'),
(46,'TEST-56789987','MERCH-1002','purchase',234.56,TIMESTAMP '2025-05-18 17:15:45',DATE '2025-05-18'),
(47,'TEST-90123543','MERCH-1001','transfer',5456.78,TIMESTAMP '2025-05-18 17:25:58',DATE '2025-05-18'),
(48,'TEST-34567123','MERCH-1005','void',678.90,TIMESTAMP '2025-05-18 17:35:11',DATE '2025-05-18'),
(49,'TEST-67890654','MERCH-1003','chargeback',123.45,TIMESTAMP '2025-05-18 17:45:24',DATE '2025-05-18'),
(50,'TEST-01234765','MERCH-1008','pre-authorization',345.67,TIMESTAMP '2025-05-18 17:55:37',DATE '2025-05-18'),
(51,'TEST-45678876','MERCH-1021','authorization',567.89,TIMESTAMP '2025-05-18 18:05:50',DATE '2025-05-18'),
(52,'TEST-78901432','MERCH-1074','capture',789.12,TIMESTAMP '2025-05-18 18:15:03',DATE '2025-05-18'),
(53,'TEST-12345987','MERCH-1079','settlement',234.56,TIMESTAMP '2025-05-18 18:25:16',DATE '2025-05-18'),
(54,'TEST-89012543','MERCH-1093','verification',456.78,TIMESTAMP '2025-05-18 18:35:29',DATE '2025-05-18'),
(55,'TEST-23456123','MERCH-1098','purchase',678.90,TIMESTAMP '2025-05-18 18:45:42',DATE '2025-05-18'),
(56,'TEST-56789654','MERCH-1082','transfer',7123.45,TIMESTAMP '2025-05-18 18:55:55',DATE '2025-05-18'),
(57,'TEST-90123765','MERCH-1007','void',345.67,TIMESTAMP '2025-05-18 19:05:08',DATE '2025-05-18'),
(58,'TEST-34567876','MERCH-1018','chargeback',567.89,TIMESTAMP '2025-05-18 19:15:21',DATE '2025-05-18'),
(59,'TEST-67890432','MERCH-1049','pre-authorization',789.12,TIMESTAMP '2025-05-18 19:25:34',DATE '2025-05-18'),
(60,'TEST-01234987','MERCH-1001','authorization',234.56,TIMESTAMP '2025-05-18 19:35:47',DATE '2025-05-18'),
(61,'TEST-45678543','MERCH-1002','capture',456.78,TIMESTAMP '2025-05-18 19:45:00',DATE '2025-05-18'),
(62,'TEST-78901123','MERCH-1005','settlement',678.90,TIMESTAMP '2025-05-18 19:55:13',DATE '2025-05-18'),
(63,'TEST-12345654','MERCH-1003','verification',123.45,TIMESTAMP '2025-05-18 20:05:26',DATE '2025-05-18'),
(64,'TEST-89012234','MERCH-1008','purchase',345.67,TIMESTAMP '2025-05-18 20:15:39',DATE '2025-05-18'),
(65,'TEST-23456765','MERCH-1015','transfer',8567.89,TIMESTAMP '2025-05-18 20:25:52',DATE '2025-05-18'),
(66,'TEST-56789876','MERCH-1022','void',789.12,TIMESTAMP '2025-05-18 20:35:05',DATE '2025-05-18'),
(67,'TEST-90123432','MERCH-1038','chargeback',234.56,TIMESTAMP '2025-05-18 20:45:18',DATE '2025-05-18'),
(68,'TEST-34567987','MERCH-1070','pre-authorization',456.78,TIMESTAMP '2025-05-18 20:55:31',DATE '2025-05-18'),
(69,'TEST-67890543','MERCH-1030','authorization',678.90,TIMESTAMP '2025-05-18 21:05:44',DATE '2025-05-18'),
(70,'TEST-01234123','MERCH-1002','capture',123.45,TIMESTAMP '2025-05-18 21:15:57',DATE '2025-05-18'),
(71,'TEST-45678654','MERCH-1001','settlement',345.67,TIMESTAMP '2025-05-18 21:25:10',DATE '2025-05-18'),
(72,'TEST-78901234','MERCH-1005','verification',567.89,TIMESTAMP '2025-05-18 21:35:23',DATE '2025-05-18'),
(73,'TEST-12345765','MERCH-1003','purchase',789.12,TIMESTAMP '2025-05-18 21:45:36',DATE '2025-05-18'),
(74,'TEST-89012876','MERCH-1008','transfer',5234.56,TIMESTAMP '2025-05-18 21:55:49',DATE '2025-05-18'),
(75,'TEST-23456432','MERCH-1024','void',456.78,TIMESTAMP '2025-05-18 22:05:02',DATE '2025-05-18'),
(76,'TEST-56789987','MERCH-1012','chargeback',678.90,TIMESTAMP '2025-05-18 22:15:15',DATE '2025-05-18'),
(77,'TEST-90123543','MERCH-1065','pre-authorization',123.45,TIMESTAMP '2025-05-18 22:25:28',DATE '2025-05-18'),
(78,'TEST-34567123','MERCH-1031','authorization',345.67,TIMESTAMP '2025-05-18 22:35:41',DATE '2025-05-18'),
(79,'TEST-67890654','MERCH-1039','capture',567.89,TIMESTAMP '2025-05-18 22:45:54',DATE '2025-05-18'),
(80,'TEST-01234765','MERCH-1061','settlement',789.12,TIMESTAMP '2025-05-18 22:55:07',DATE '2025-05-18'),
(81,'TEST-45678876','MERCH-1002','verification',234.56,TIMESTAMP '2025-05-18 23:05:20',DATE '2025-05-18'),
(82,'TEST-78901432','MERCH-1001','purchase',456.78,TIMESTAMP '2025-05-18 23:15:33',DATE '2025-05-18'),
(83,'TEST-12345987','MERCH-1005','transfer',6678.90,TIMESTAMP '2025-05-18 23:25:46',DATE '2025-05-18'),
(84,'TEST-89012543','MERCH-1003','void',123.45,TIMESTAMP '2025-05-18 23:35:59',DATE '2025-05-18'),
(85,'TEST-23456123','MERCH-1008','chargeback',345.67,TIMESTAMP '2025-05-18 23:45:12',DATE '2025-05-18'),
(86,'TEST-56789654','MERCH-1013','pre-authorization',567.89,TIMESTAMP '2025-05-18 23:55:25',DATE '2025-05-18'),
(87,'TEST-90123765','MERCH-1016','authorization',789.12,TIMESTAMP '2025-05-19 00:05:38',DATE '2025-05-19'),
(88,'TEST-34567876','MERCH-1037','capture',234.56,TIMESTAMP '2025-05-19 00:15:51',DATE '2025-05-19'),
(89,'TEST-67890432','MERCH-1051','settlement',456.78,TIMESTAMP '2025-05-19 00:25:04',DATE '2025-05-19'),
(90,'TEST-01234987','MERCH-1002','verification',678.90,TIMESTAMP '2025-05-19 00:35:17',DATE '2025-05-19'),
(91,'TEST-45678543','MERCH-1001','purchase',123.45,TIMESTAMP '2025-05-19 00:45:30',DATE '2025-05-19'),
(92,'TEST-78901123','MERCH-1005','transfer',5345.67,TIMESTAMP '2025-05-19 00:55:43',DATE '2025-05-19'),
(93,'TEST-12345654','MERCH-1003','void',567.89,TIMESTAMP '2025-05-19 01:05:56',DATE '2025-05-19'),
(94,'TEST-89012234','MERCH-1008','chargeback',789.12,TIMESTAMP '2025-05-19 01:15:09',DATE '2025-05-19'),
(95,'TEST-23456765','MERCH-1015','pre-authorization',234.56,TIMESTAMP '2025-05-19 01:25:22',DATE '2025-05-19'),
(96,'TEST-56789876','MERCH-1022','authorization',456.78,TIMESTAMP '2025-05-19 01:35:35',DATE '2025-05-19'),
(97,'TEST-90123432','MERCH-1002','transfer',5678.90,TIMESTAMP '2025-05-19 01:45:48',DATE '2025-05-19'),
(98,'TEST-34567987','MERCH-1001','capture',123.45,TIMESTAMP '2025-05-19 01:55:01',DATE '2025-05-19'),
(99,'TEST-67890543','MERCH-1005','settlement',345.67,TIMESTAMP '2025-05-19 02:05:14',DATE '2025-05-19'),
(100,'TEST-01234123','MERCH-1003','verification',567.89,TIMESTAMP '2025-05-19 02:15:27',DATE '2025-05-19');

Grant data permissions to snowflake_access_role in LF.


2) creditcards (Iceberg Table - IRC)

CREATE TABLE iceberg_db.creditcards (
	card_id int,
	card_number string,
	card_holder_id int)
LOCATION 's3://snow-iceberg-tables/iceberg_db/creditcards/'
TBLPROPERTIES ( 
    'table_type' ='ICEBERG'
);

INSERT INTO creditcards
VALUES
(1,'TEST-45671234',28374651),
(2,'TEST-78932165',37465819),
(3,'TEST-12387654',46581927),
(4,'TEST-89012543',55192738),
(5,'TEST-23459876',64827395),
(6,'TEST-56784321',73946281),
(7,'TEST-90126789',82736459),
(8,'TEST-34567812',91827364),
(9,'TEST-67893456',19283746),
(10,'TEST-01238765',28374655),
(11,'TEST-45679012',37465812),
(12,'TEST-78901234',46581923),
(13,'TEST-12345987',55192734),
(14,'TEST-89012675',64827391),
(15,'TEST-23456123',73946285),
(16,'TEST-56789345',82736452),
(17,'TEST-90123876',91827368),
(18,'TEST-34567123',19283741),
(19,'TEST-67890987',28374659),
(20,'TEST-01234562',37465816),
(21,'TEST-45678234',46581928),
(22,'TEST-78901876',55192737),
(23,'TEST-12345432',64827393),
(24,'TEST-89012987',73946284),
(25,'TEST-23456543',82736457),
(26,'TEST-56789123',91827363),
(27,'TEST-90123654',19283745),
(28,'TEST-34567890',28374652),
(29,'TEST-67890432',37465814),
(30,'TEST-01234987',46581925),
(31,'TEST-45678543',55192736),
(32,'TEST-78901123',64827392),
(33,'TEST-12345654',73946283),
(34,'TEST-89012234',82736454),
(35,'TEST-23456765',91827366),
(36,'TEST-56789876',19283743),
(37,'TEST-90123432',28374657),
(38,'TEST-34567987',37465817),
(39,'TEST-67890543',46581924),
(40,'TEST-01234123',55192735),
(41,'TEST-45678654',64827394),
(42,'TEST-78901234',73946282),
(43,'TEST-12345765',82736456),
(44,'TEST-89012876',91827365),
(45,'TEST-23456432',19283742),
(46,'TEST-56789987',28374654),
(47,'TEST-90123543',37465815),
(48,'TEST-34567123',46581926),
(49,'TEST-67890654',55192739),
(50,'TEST-01234765',64827396),
(51,'TEST-45678876',73946286),
(52,'TEST-78901432',82736453),
(53,'TEST-12345987',91827367),
(54,'TEST-89012543',19283744),
(55,'TEST-23456123',28374658),
(56,'TEST-56789654',37465818),
(57,'TEST-90123765',46581922),
(58,'TEST-34567876',55192733),
(59,'TEST-67890432',64827397),
(60,'TEST-01234987',73946287),
(61,'TEST-45678543',82736455),
(62,'TEST-78901123',91827362),
(63,'TEST-12345654',19283747),
(64,'TEST-89012234',28374653),
(65,'TEST-23456765',37465813),
(66,'TEST-56789876',46581929),
(67,'TEST-90123432',55192732),
(68,'TEST-34567987',64827398),
(69,'TEST-67890543',73946288),
(70,'TEST-01234123',82736458),
(71,'TEST-45678654',91827369),
(72,'TEST-78901234',19283748),
(73,'TEST-12345765',28374656),
(74,'TEST-89012876',37465811),
(75,'TEST-23456432',46581921),
(76,'TEST-56789987',55192731),
(77,'TEST-90123543',64827399),
(78,'TEST-34567123',73946289),
(79,'TEST-67890654',82736451),
(80,'TEST-01234765',91827361),
(81,'TEST-45678876',19283749),
(82,'TEST-78901432',28374657),
(83,'TEST-12345987',37465820),
(84,'TEST-89012543',46581920),
(85,'TEST-23456123',55192730),
(86,'TEST-56789654',64827390),
(87,'TEST-90123765',73946280),
(88,'TEST-34567876',82736450),
(89,'TEST-67890432',91827360),
(90,'TEST-01234987',19283740),
(91,'TEST-45678543',28374650),
(92,'TEST-78901123',37465810),
(93,'TEST-12345654',46581930),
(94,'TEST-89012234',55192740),
(95,'TEST-23456765',64827389),
(96,'TEST-56789876',73946290),
(97,'TEST-90123432',82736460),
(98,'TEST-34567987',91827370),
(99,'TEST-67890543',19283750),
(100,'TEST-01234123',28374660);

Grant data permissions to snowflake_access_role in LF.


3) carddholders (Iceberg Table - GDC)

CREATE TABLE iceberg_db.carddholders (
	card_holder_id int,
	name string,
	email string)
LOCATION 's3://snow-iceberg-tables/iceberg_db/carddholders/'
TBLPROPERTIES ( 
    'table_type' ='ICEBERG'
);

INSERT INTO carddholders
VALUES
(28374651,'John A. Smith','jsmith28374651@testmail.com'),
(37465819,'Maria R. Garcia','mgarcia37465819@testmail.com'),
(46581927,'Robert K. Wilson','rwilson46581927@testmail.com'),
(55192738,'Sarah J. Brown','sbrown55192738@testmail.com'),
(64827395,'David M. Taylor','dtaylor64827395@testmail.com'),
(73946281,'Lisa D. Anderson','landerson73946281@testmail.com'),
(82736459,'Michael P. Thomas','mthomas82736459@testmail.com'),
(91827364,'Jennifer L. Moore','jmoore91827364@testmail.com'),
(19283746,'William R. Jackson','wjackson19283746@testmail.com'),
(28374655,'Emma C. White','ewhite28374655@testmail.com'),
(37465812,'James H. Martin','jmartin37465812@testmail.com'),
(46581923,'Patricia N. Lee','plee46581923@testmail.com'),
(55192734,'Christopher B. Hall','chall55192734@testmail.com'),
(64827391,'Susan K. Clark','sclark64827391@testmail.com'),
(73946285,'Daniel F. Wright','dwright73946285@testmail.com'),
(82736452,'Margaret E. Lopez','mlopez82736452@testmail.com'),
(91827368,'Joseph T. Hill','jhill91827368@testmail.com'),
(19283741,'Nancy A. Scott','nscott19283741@testmail.com'),
(28374659,'Thomas R. Green','tgreen28374659@testmail.com'),
(37465816,'Linda M. Adams','ladams37465816@testmail.com'),
(46581928,'Charles D. Baker','cbaker46581928@testmail.com'),
(55192737,'Elizabeth J. Nelson','enelson55192737@testmail.com'),
(64827393,'Kevin P. Carter','kcarter64827393@testmail.com'),
(73946284,'Barbara L. Mitchell','bmitchell73946284@testmail.com'),
(82736457,'Richard S. Roberts','rroberts82736457@testmail.com'),
(91827363,'Dorothy H. Turner','dturner91827363@testmail.com'),
(19283745,'Steven M. Phillips','sphillips19283745@testmail.com'),
(28374652,'Helen R. Campbell','hcampbell28374652@testmail.com'),
(37465814,'Edward J. Parker','eparker37465814@testmail.com'),
(46581925,'Sandra K. Evans','sevans46581925@testmail.com'),
(55192736,'Brian L. Edwards','bedwards55192736@testmail.com'),
(64827392,'Ashley N. Collins','acollins64827392@testmail.com'),
(73946283,'Ronald T. Stewart','rstewart73946283@testmail.com'),
(82736454,'Kimberly A. Morris','kmorris82736454@testmail.com'),
(91827366,'George P. Rogers','grogers91827366@testmail.com'),
(19283743,'Michelle D. Reed','mreed19283743@testmail.com'),
(28374657,'Kenneth B. Cook','kcook28374657@testmail.com'),
(37465817,'Melissa J. Morgan','mmorgan37465817@testmail.com'),
(46581924,'Paul S. Bell','pbell46581924@testmail.com'),
(55192735,'Laura M. Murphy','lmurphy55192735@testmail.com'),
(64827394,'Stephen R. Bailey','sbailey64827394@testmail.com'),
(73946282,'Rebecca K. Rivera','rrivera73946282@testmail.com'),
(82736456,'Justin L. Cooper','jcooper82736456@testmail.com'),
(91827365,'Sharon D. Richardson','srichardson91827365@testmail.com'),
(19283742,'Gregory T. Cox','gcox19283742@testmail.com'),
(28374654,'Deborah A. Howard','dhoward28374654@testmail.com'),
(37465815,'Gary P. Ward','gward37465815@testmail.com'),
(46581926,'Rachel M. Torres','rtorres46581926@testmail.com'),
(55192739,'Nicholas J. Peterson','npeterson55192739@testmail.com'),
(64827396,'Cynthia L. Gray','cgray64827396@testmail.com'),
(73946286,'Eric S. Ramirez','eramirez73946286@testmail.com'),
(82736453,'Katherine B. James','kjames82736453@testmail.com'),
(91827367,'Dennis R. Watson','dwatson91827367@testmail.com'),
(19283744,'Ruth N. Brooks','rbrooks19283744@testmail.com'),
(28374658,'Alexander M. Kelly','akelly28374658@testmail.com'),
(37465818,'Carol J. Sanders','csanders37465818@testmail.com'),
(46581922,'Frank L. Price','fprice46581922@testmail.com'),
(55192733,'Janet K. Bennett','jbennett55192733@testmail.com'),
(64827397,'Peter T. Wood','pwood64827397@testmail.com'),
(73946287,'Virginia A. Barnes','vbarnes73946287@testmail.com'),
(82736455,'Raymond D. Ross','rross82736455@testmail.com'),
(91827362,'Joyce P. Henderson','jhenderson91827362@testmail.com'),
(19283747,'Scott B. Coleman','scoleman19283747@testmail.com'),
(28374653,'Julie M. Jenkins','jjenkins28374653@testmail.com'),
(37465813,'Jerry R. Perry','jperry37465813@testmail.com'),
(46581929,'Theresa L. Powell','tpowell46581929@testmail.com'),
(55192732,'Wayne S. Long','wlong55192732@testmail.com'),
(64827398,'Angela K. Patterson','apatterson64827398@testmail.com'),
(73946288,'Roy T. Hughes','rhughes73946288@testmail.com'),
(82736458,'Frances D. Flores','fflores82736458@testmail.com'),
(91827369,'Bruce P. Washington','bwashington91827369@testmail.com'),
(19283748,'Judy A. Butler','jbutler19283748@testmail.com'),
(28374656,'Albert J. Simmons','asimmons28374656@testmail.com'),
(37465811,'Gloria R. Foster','gfoster37465811@testmail.com'),
(46581921,'Carl L. Gonzales','cgonzales46581921@testmail.com'),
(55192731,'Teresa M. Bryant','tbryant55192731@testmail.com'),
(64827399,'Ralph S. Alexander','ralexander64827399@testmail.com'),
(73946289,'Nicole B. Russell','nrussell73946289@testmail.com'),
(82736451,'Henry K. Griffin','hgriffin82736451@testmail.com'),
(91827361,'Diane T. Diaz','ddiaz91827361@testmail.com'),
(19283749,'Lawrence A. Hayes','lhayes19283749@testmail.com'),
(28374657,'Cheryl P. Myers','cmyers28374657@testmail.com'),
(37465820,'Sean R. Ford','sford37465820@testmail.com'),
(46581920,'Mildred J. Hamilton','mhamilton46581920@testmail.com'),
(55192730,'Victor L. Graham','vgraham55192730@testmail.com'),
(64827390,'Karen S. Sullivan','ksullivan64827390@testmail.com'),
(73946280,'Billy D. Wallace','bwallace73946280@testmail.com'),
(82736450,'Joan P. Woods','jwoods82736450@testmail.com'),
(91827360,'Keith M. Cole','kcole91827360@testmail.com'),
(19283740,'Tina R. West','twest19283740@testmail.com'),
(28374650,'Arthur L. Jordan','ajordan28374650@testmail.com'),
(37465810,'Anna K. Owens','aowens37465810@testmail.com'),
(46581930,'Randy T. Reynolds','rreynolds46581930@testmail.com'),
(55192740,'Christina B. Fisher','cfisher55192740@testmail.com'),
(64827389,'Roger S. Ellis','rellis64827389@testmail.com'),
(73946290,'Jean M. Harrison','jharrison73946290@testmail.com'),
(82736460,'Alan P. Gibson','agibson82736460@testmail.com'),
(91827370,'Alice D. McDonald','amcdonald91827370@testmail.com'),
(19283750,'Terry R. Cruz','tcruz19283750@testmail.com'),
(28374660,'Denise L. Marshall','dmarshall28374660@testmail.com');


4) merchant (Snowflake Iceberg table)


CREATE TABLE workshop_db.merchant (
	merchant_id string,
	merchant_name string,
	merchant_category string)
LOCATION 's3://snow-iceberg-tables/iceberg_db/carddholders/'
TBLPROPERTIES ( 
    'table_type' ='ICEBERG'
);

INSERT INTO merchant
VALUES
('MERCH-1001','Walmart Superstore','Retail'),
('MERCH-1002','Amazon.com','E-commerce'),
('MERCH-1003','Starbucks Coffee #1234','Food & Beverage'),
('MERCH-1004','Shell Gas Station #567','Gas Station'),
('MERCH-1005','Target Store #789','Retail'),
('MERCH-1006','Apple Store Online','Electronics'),
('MERCH-1007','CVS Pharmacy #4321','Pharmacy'),
('MERCH-1008','McDonald''s #8901','Restaurant'),
('MERCH-1009','Home Depot #2345','Home Improvement'),
('MERCH-1010','Best Buy #6789','Electronics'),
('MERCH-1011','Costco Wholesale #123','Wholesale Club'),
('MERCH-1012','Netflix Streaming','Entertainment'),
('MERCH-1013','Uber Ride Services','Transportation'),
('MERCH-1014','Subway #4567','Restaurant'),
('MERCH-1015','7-Eleven Store #890','Convenience Store'),
('MERCH-1016','Delta Airlines','Travel'),
('MERCH-1017','Marriott Hotels','Lodging'),
('MERCH-1018','Walgreens #5678','Pharmacy'),
('MERCH-1019','Pizza Hut #901','Restaurant'),
('MERCH-1020','Chevron Gas #234','Gas Station'),
('MERCH-1021','Nike.com','Apparel'),
('MERCH-1022','Whole Foods Market','Grocery'),
('MERCH-1023','AMC Theaters #567','Entertainment'),
('MERCH-1024','Spotify Premium','Entertainment'),
('MERCH-1025','FedEx Office','Services'),
('MERCH-1026','Macy''s Department Store','Retail'),
('MERCH-1027','Dunkin'' Donuts #789','Food & Beverage'),
('MERCH-1028','Microsoft Store','Software'),
('MERCH-1029','PetSmart #123','Pet Supplies'),
('MERCH-1030','Trader Joe''s','Grocery'),
('MERCH-1031','AT&T Wireless','Telecommunications'),
('MERCH-1032','GameStop #456','Gaming'),
('MERCH-1033','Domino''s Pizza','Restaurant'),
('MERCH-1034','Hilton Hotels','Lodging'),
('MERCH-1035','Office Depot #789','Office Supplies'),
('MERCH-1036','Dollar General','Retail'),
('MERCH-1037','United Airlines','Travel'),
('MERCH-1038','Kroger Grocery','Grocery'),
('MERCH-1039','T-Mobile Store','Telecommunications'),
('MERCH-1040','Chipotle Mexican Grill','Restaurant'),
('MERCH-1041','Michaels Arts & Crafts','Craft Supplies'),
('MERCH-1042','Exxon Mobile #123','Gas Station'),
('MERCH-1043','Dick''s Sporting Goods','Sporting Goods'),
('MERCH-1044','Burger King #456','Restaurant'),
('MERCH-1045','Lowes Home Center','Home Improvement'),
('MERCH-1046','Enterprise Rent-A-Car','Car Rental'),
('MERCH-1047','Panera Bread #789','Restaurant'),
('MERCH-1048','Steam Games','Gaming'),
('MERCH-1049','Rite Aid Pharmacy','Pharmacy'),
('MERCH-1050','Ross Dress for Less','Retail'),
('MERCH-1051','Southwest Airlines','Travel'),
('MERCH-1052','GrubHub Food Delivery','Food Delivery'),
('MERCH-1053','Petco #234','Pet Supplies'),
('MERCH-1054','AutoZone #567','Auto Parts'),
('MERCH-1055','Bed Bath & Beyond','Home Goods'),
('MERCH-1056','DoorDash','Food Delivery'),
('MERCH-1057','Staples Office Supply','Office Supplies'),
('MERCH-1058','LA Fitness','Fitness'),
('MERCH-1059','Five Guys Burgers','Restaurant'),
('MERCH-1060','Airbnb','Lodging'),
('MERCH-1061','Verizon Wireless','Telecommunications'),
('MERCH-1062','JCPenney','Retail'),
('MERCH-1063','Taco Bell #890','Restaurant'),
('MERCH-1064','Hobby Lobby','Craft Supplies'),
('MERCH-1065','Disney+','Entertainment'),
('MERCH-1066','Sam''s Club #123','Wholesale Club'),
('MERCH-1067','KFC #456','Restaurant'),
('MERCH-1068','Advanced Auto Parts','Auto Parts'),
('MERCH-1069','Planet Fitness','Fitness'),
('MERCH-1070','ALDI Grocery','Grocery'),
('MERCH-1071','Chick-fil-A #789','Restaurant'),
('MERCH-1072','Dollar Tree','Retail'),
('MERCH-1073','Wendy''s #012','Restaurant'),
('MERCH-1074','Foot Locker','Apparel'),
('MERCH-1075','Papa John''s Pizza','Restaurant'),
('MERCH-1076','Arby''s #345','Restaurant'),
('MERCH-1077','Kohl''s Department Store','Retail'),
('MERCH-1078','Instacart','Grocery Delivery'),
('MERCH-1079','Old Navy','Apparel'),
('MERCH-1080','Popeyes #678','Restaurant'),
('MERCH-1081','Marshalls','Retail'),
('MERCH-1082','Bath & Body Works','Personal Care'),
('MERCH-1083','Olive Garden','Restaurant'),
('MERCH-1084','Great Clips','Services'),
('MERCH-1085','Burlington Coat Factory','Retail'),
('MERCH-1086','Applebee''s','Restaurant'),
('MERCH-1087','GNC #901','Health & Wellness'),
('MERCH-1088','Big Lots','Retail'),
('MERCH-1089','TJ Maxx','Retail'),
('MERCH-1090','Red Lobster','Restaurant'),
('MERCH-1091','Harbor Freight Tools','Tools'),
('MERCH-1092','Guitar Center','Music'),
('MERCH-1093','Ulta Beauty','Beauty'),
('MERCH-1094','Outback Steakhouse','Restaurant'),
('MERCH-1095','PetValu','Pet Supplies'),
('MERCH-1096','Shake Shack','Restaurant'),
('MERCH-1097','REI Outdoor Gear','Sporting Goods'),
('MERCH-1098','Sephora','Beauty'),
('MERCH-1099','Cracker Barrel','Restaurant'),
('MERCH-1100','H&M','Apparel');
