[
  {
    "propertyId": 1,
    "propertyName": "The Chase At Stonebriar",
    "propertyAddress": "5331 Balmoral Dr, Frisco,TX 75034",
    "propertyCity" : "Frisco",
    "propertyState" : "TX",
    "propertyZip" : "75034",
    "propertyType" : "Townhouse",
    "propertyCoordinates" : "33.09881266671791, -96.84133881349327",
    "propertyFeatures" : "What's special | This beautiful townhome is in the sought-after private gated community in a great Frisco location. It is an end unit having a lot of windows for natural light. Beautiful formal dining room with bay windows welcomes you to this great home and is open to the living room with high ceiling, soaring windows, a gorgeous fireplace, built-in shelves, plantation shutters, upscaled finished-out & access to the backyard. The gourmet kitchen has an island, granite countertops and a spacious breakfast area with counter space & cabinet. The master suite is downstairs with a view of the backyard and has a nice master bath with double vanity, separated shower, tub and a good-sized closet. The study, game room, 3 bedrooms and 2 baths are upstairs.  The game room has 2 skylights to bring in a lot of natural light. The charming study has built-in shelves. Low maintenance, conveniently located, close to freeway, nice restaurant, Stonebriar Mall, Shop of Legacy and Legacy West. Make this great home yours. | Facts & features | Interior | Bedrooms & bathrooms | Bedrooms: 4 | Bathrooms: 4 | Full bathrooms: 3 | 1/2 bathrooms: 1 | Primary bedroom | Level: First | Bedroom | Level: Second | Bedroom | Level: Second | Bedroom | Level: Second | Dining room | Level: First | Game room | Features: Ceiling Fan(s) | Level: Second | Kitchen | Features: Built-in Features, Eat-in Kitchen, Granite Counters, Kitchen Island, Pantry | Level: First | Living room | Level: First | Office | Level: Second | Utility room | Features: Built-in Features, Utility Room, Utility Sink | Level: Second | Heating | Central, Fireplace(s), Natural Gas | Cooling | Central Air, Ceiling Fan(s), Electric | Appliances | Included: Dishwasher, Electric Oven, Disposal, Gas Range, Microwave, Vented Exhaust Fan | Features | Decorative/Designer Lighting Fixtures, Eat-in Kitchen, Granite Counters, Kitchen Island, Pantry, Vaulted Ceiling(s), Walk-In Closet(s) | Flooring: Carpet, Ceramic Tile, Wood | Has basement: No | Number of fireplaces: 2 | Fireplace features: Gas Log, Gas Starter | Interior area | Total interior livable area: 2,994 sqft | Property | Parking | Total spaces: 2 | Parking features: Garage Faces Front, Garage, Garage Door Opener | Attached garage spaces: 2 | Features | Levels: Two | Stories: 2 | Exterior features: Rain Gutters | Pool features: None | Fencing: Back Yard,Fenced,Metal | Lot | Size: 3,920 sqft | Features: Interior Lot, Landscaped, Subdivision, Sprinkler System, Few Trees | Details | Parcel number: R490700A06501 | Special conditions: Standard | Construction | Type & style | Home type: Townhouse | Architectural style: Traditional | Property subtype: Townhouse | Materials | Brick, Rock, Stone | Foundation: Slab | Roof: Composition | Condition | Year built: 2005 | Utilities & green energy | Sewer: Public Sewer | Water: Public | Utilities for property: Sewer Available, Water Available | Community & HOA | Community | Features: Community Mailbox | Security: Smoke Detector(s) | Subdivision: Chase At Stonebriar The | HOA | Has HOA: Yes | Amenities included: Maintenance Front Yard | Services included: Association Management, Maintenance Grounds, Maintenance Structure | HOA fee: $309 monthly | Location | Region: Frisco | Financial & listing details | Price per square foot: $225/sqft | Tax assessed value: $635,600 | Annual tax amount: $9,854 | Date on market: 9/1/2024"
  },
  {
    "propertyId": 2, 
    "propertyName": "The Canals At Grand Park",
    "propertyAddress": "8209 Canal St, Frisco TX 75034",
    "propertyCity" : "Frisco",
    "propertyState" : "TX",
    "propertyZip" : "75034",
    "propertyType" : "Townhouse",
    "propertyCoordinates" : "33.147151, -96.852607",
    "propertyFeatures" : "What's special | Granite countertopsSerene retreatBonus game roomCulinary delightGas cooktopWhite cabinetsJack and jill baths | Stunning Colonial-Style Townhome in Heart of the Sought-After Canals Neighborhood.  This exquisite colonial-style townhome offers a perfect blend of elegance and convenience. Boasting a prime location, you’ll enjoy easy access to premier shopping, dining, and the DNT making it ideal for modern living. This beautiful home features 3 spacious bedrooms, 2 full baths, and 2 half baths, providing an abundance of space for comfort and privacy. The island kitchen is a culinary delight with SS appliances, gas cooktop, granite countertops and white cabinets. The primary suite is ideally located on the main floor, offering a serene retreat, while two generously sized secondary bedrooms with Jack and Jill baths are thoughtfully situated upstairs. A bonus game room adds versatility and extra space for entertainment or relaxation. This home is designed for both casual and formal gatherings. Experience the perfect combination of classic charm and contemporary amenities in this exceptional property. | Facts & features | Interior | Bedrooms & bathrooms | Bedrooms: 3 | Bathrooms: 4 | Full bathrooms: 2 | 1/2 bathrooms: 2 | Primary bedroom | Features: Dual Sinks, Double Vanity, Separate Shower, Walk-In Closet(s) | Level: First | Dimensions: 13 x 16 | Bedroom | Features: Split Bedrooms | Level: Second | Dimensions: 10 x 12 | Bedroom | Features: Split Bedrooms | Level: Second | Dimensions: 11 x 13 | Game room | Level: Second | Dimensions: 15 x 15 | Kitchen | Level: First | Dimensions: 15 x 17 | Living room | Level: First | Dimensions: 14 x 23 | Heating | Central, Electric | Cooling | Central Air, Ceiling Fan(s) | Appliances | Included: Dishwasher, Electric Water Heater, Disposal, Microwave | Laundry: Laundry in Utility Room | Features | Decorative/Designer Lighting Fixtures, Eat-in Kitchen, High Speed Internet, Kitchen Island, Open Floorplan, Cable TV, Vaulted Ceiling(s), Walk-In Closet(s) | Flooring: Carpet, Ceramic Tile, Wood | Windows: Window Coverings | Has basement: No | Has fireplace: No | Interior area | Total interior livable area: 2,585 sqft | Virtual tour | View virtual tour | Property | Parking | Total spaces: 2 | Parking features: Alley Access, Driveway, Garage Faces Rear | Attached garage spaces: 2 | Features | Levels: Two | Stories: 2 | Patio & porch: Covered | Exterior features: Rain Gutters | Pool features: None | Lot | Size: 3,659 sqft | Features: Landscaped, Subdivision, Sprinkler System | Details | Parcel number: R658900 | Special conditions: Standard | Construction | Type & style | Home type: Townhouse | Architectural style: Traditional | Property subtype: Townhouse | Attached to another structure: Yes | Materials | Brick, Wood Siding | Roof: Composition | Condition | Year built: 2016 | Utilities & green energy | Sewer: Public Sewer | Water: Public | Utilities for property: Sewer Available, Underground Utilities, Water Available, Cable Available | Community & HOA | Community | Features: Curbs, Sidewalks | Subdivision: The Canals At Grand Park | HOA | Has HOA: Yes | Services included: All Facilities, Association Management | HOA fee: $1,262 quarterly | Location | Region: Frisco | Financial & listing details | Price per square foot: $246/sqft | Tax assessed value: $665,208 | Annual tax amount: $9,057 | Date on market: 8/8/2024 | Exclusions: TV's and wall mounts. Refrigerator in kitchen will stay"
  },
  {
    "propertyId": 3, 
    "propertyName": "Hickory Street Village Ph I",
    "propertyAddress": "8400 Hickory St UNIT 2103, ,  ",
    "propertyCity" : "Frisco",
    "propertyState" : "TX",
    "propertyZip" : "75034",
    "propertyType" : "Townhouse",
    "propertyCoordinates" : "33.14626895091003, -96.80888721636894",
    "propertyFeatures" : "What's special | Custom fireplaceLighting options on dimmersCommunity poolCustom-built cabinetry | Location, location, location! This gorgeous townhome is centrally located off Preston and Main and has a great location within the community (right across the street from the community pool). It boasts tons of custom-built cabinetry, lighting options on dimmers, and a custom fireplace with unique features throughout.  This is the perfect spot for someone starting out or starting over. Quick close property. HOA covers all yard work and exterior maintenance. Seller is Agent and Owner. | Facts & features | Interior | Bedrooms & bathrooms | Bedrooms: 1 | Bathrooms: 2 | Full bathrooms: 1 | 1/2 bathrooms: 1 | Primary bedroom | Features: Linen Closet, Sitting Area in Primary, Walk-In Closet(s) | Level: Second | Dimensions: 18 x 16 | Living room | Features: Fireplace | Level: First | Dimensions: 18 x 13 | Appliances | Included: Dishwasher, Wine Cooler | Features | Built-in Features, Decorative/Designer Lighting Fixtures, Granite Counters, High Speed Internet, Pantry, Cable TV, Walk-In Closet(s) | Flooring: Laminate, Wood | Has basement: No | Number of fireplaces: 1 | Fireplace features: Living Room | Interior area | Total interior livable area: 884 sqft | Virtual tour | View virtual tour | Property | Parking | Total spaces: 1 | Parking features: Garage Faces Front, Garage, Garage Door Opener | Attached garage spaces: 1 | Features | Levels: Two | Stories: 2 | Patio & porch: Covered, Patio | Pool features: None, Community | Lot | Size: 1,742 sqft | Features: Backs to Greenbelt/Park, Subdivision, Few Trees | Details | Parcel number: R296500201101 | Special conditions: Standard | Construction | Type & style | Home type: Townhouse | Property subtype: Townhouse | Condition | Year built: 1987 | Utilities & green energy | Sewer: Public Sewer | Water: Public | Utilities for property: Sewer Available, Separate Meters, Water Available, Cable Available | Community & HOA | Community | Features: Clubhouse, Pool | Subdivision: Hickory Street Village Ph I | HOA | Has HOA: Yes | Services included: Maintenance Grounds | HOA fee: $321 monthly | Location | Region: Frisco | Financial & listing details | Price per square foot: $305/sqft | Tax assessed value: $268,796 | Annual tax amount: $3,625 | Date on market: 4/27/2024"
  },
  {
    "propertyId": 4, 
    "propertyName": "Robins Place",
    "propertyAddress": "9229 Flores Dr, Frisco, TX 75035",
    "propertyCity" : "Frisco",
    "propertyState" : "TX",
    "propertyZip" : "75035",
    "propertyType" : "Multi Family",
    "propertyCoordinates" : "33.183548695188094, -96.80060261636773",
    "propertyFeatures" : "What's special | Fresh paintRecently installed fenceRecently installed carpetRecently installed flooringRecently installed roof | Perfect Investment Opportunity.  Move in ready, fresh paint, recently installed carpet, recently installed roof, recently installed flooring in living area for one side  and recently installed fence on one unit. Each unit features 4 bedroom, two and a half bathrooms. Prime area location minutes away from George Bush-190 Tollway. | Facts & features | Interior | Bedrooms & bathrooms | Bedrooms: 6 | Bathrooms: 6 | Full bathrooms: 4 | 1/2 bathrooms: 2 | Heating | Central, Natural Gas | Cooling | Central Air, Electric | Appliances | Included: Disposal | Features | Decorative/Designer Lighting Fixtures, High Speed Internet, Open Floorplan, Pantry, Cable TV, Walk-In Closet(s) | Flooring: Carpet, Ceramic Tile | Number of fireplaces: 2 | Fireplace features: Gas, Living Room | Interior area | Total structure area: 3,210 | Total interior livable area: 3,210 sqft | Virtual tour | View virtual tour | Property | Parking | Total spaces: 8 | Parking features: Alley Access, Concrete, Garage | Attached garage spaces: 2 | Carport spaces: 2 | Covered spaces: 4 | Features | Levels: Two | Stories: 2 | Pool features: None | Lot | Size: 10,454 sqft | Details | Parcel number: R131500200901 | Special conditions: Standard | Construction | Type & style | Home type: MultiFamily | Property subtype: Duplex, Multi Family | Materials | Brick | Foundation: Slab | Roof: Composition,Shingle | Condition | Year built: 2000 | Utilities & green energy | Sewer: Public Sewer | Water: Public | Utilities for property: Electricity Available, Sewer Available, Water Available, Cable Available | Community & HOA | Community | Security: Smoke Detector(s) | Subdivision: Robins Place | HOA | Has HOA: No | Location | Region: Frisco | Financial & listing details | Price per square foot: $255/sqft | Annual tax amount: $10,678 | Date on market: 9/13/2024"
  },
  {
    "propertyId": 5, 
    "propertyName": "South Village Add",
    "propertyAddress": "11108 Newport Dr, Frisco, TX 75035",
    "propertyCity" : "Frisco",
    "propertyState" : "TX",
    "propertyZip" : "75035",
    "propertyType" : "Multi Family",
    "propertyCoordinates" : "33.13060758919033, -96.7819189875334",
    "propertyFeatures" : "What's special | Contemporary living spaceCharming balconyBeautifully designed condosAdditional storageGenerously sized bedrooms | Welcome to 206 South Village Way, a modern multi-family complex nestled in the heart of Lewisville, TX. Great Investment opportunity with fully occupied tenants. These newly Built in 2023 condos will make a great addition to your portfolio or to start your portfolio. If you are needing a 1031 exchange deal this one is it.  These elegant building features eight beautifully designed condos, each offering 1,029 square feet of contemporary living space. Each unit boasts 2 generously sized bedrooms and 2 full bathrooms, perfect for comfortable living. Enjoy the convenience of a private garage, providing secure parking and additional storage. Each condo includes a charming balcony, ideal for relaxing with a morning coffee or unwinding in the evening.  Do not miss the opportunity to walk this property, make an offer and start your Landlord, investment journey in this particular growing area in Lewisville. Buyer and Buyers agent to verify all information herein. Seller open to seller finance. | Facts & features | Interior | Bedrooms & bathrooms | Bedrooms: 16 | Bathrooms: 16 | Full bathrooms: 16 | Heating | Central, Electric | Cooling | Central Air, Ceiling Fan(s), Electric | Appliances | Included: Electric Cooktop, Electric Oven | Features | Granite Counters, Kitchen Island, Multiple Staircases, Open Floorplan, Pantry | Flooring: Luxury Vinyl, Luxury VinylPlank | Has basement: No | Interior area | Total structure area: 9,978 | Total interior livable area: 9,978 sqft | Virtual tour | View virtual tour | Property | Parking | Total spaces: 8 | Parking features: Garage, On Site, On Street | Attached garage spaces: 8 | Features | Levels: Three Or More | Pool features: None | Lot | Size: 5,314 sqft | Details | Parcel number: R1004261 | Special conditions: Standard | Construction | Type & style | Home type: MultiFamily | Property subtype: Multi Family | Materials | Brick | Foundation: Slab | Roof: Composition,Shingle | Condition | Year built: 2023 | Utilities & green energy | Sewer: Public Sewer | Water: Public | Utilities for property: Sewer Available, Water Available | Community & HOA | Community | Subdivision: South Village Add | HOA | Has HOA: Yes | Services included: Water | HOA fee: $560 monthly | Location | Region: Frisco | Financial & listing details | Price per square foot: $298/sqft | Annual tax amount: $20,045 | Date on market: 7/19/2024"
  },
  {
    "propertyId": 6, 
    "propertyName": "Kathryn Commons Add",
    "propertyAddress": "10417 Burgundy Dr, Frisco, TX 75035",
    "propertyCity" : "Frisco",
    "propertyState" : "TX",
    "propertyZip" : "75035",
    "propertyType" : "Multi Family",
    "propertyCoordinates" : "33.13536257702173, -96.79069781636936",
    "propertyFeatures" : "What's special | Amazing Income Property!  5  Beautiful Townhomes, 1,281 Sq. Ft. in the heart of historic downtown Lewisville.  3 Stories, 2 bedrooms, 2.5 bathrooms, 2 car garage, living or studio.  A story from the past is waiting for you to discover it.  The restaurants, entertainment, train station, medical, and shopping are all just minutes away.  Universities TWU and UNT.  A must-see, a great addition to your portfolio. | Facts & features | Interior | Heating | Electric | Cooling | Zoned | Appliances | Included: Dishwasher | Features | Cable TV | Flooring: Ceramic Tile, Hardwood | Has basement: No | Has fireplace: No | Interior area | Total structure area: 1,281 | Total interior livable area: 1,281 sqft | Virtual tour | View virtual tour | Property | Parking | Total spaces: 10 | Parking features: Enclosed, Garage, Garage Door Opener, Inside Entrance | Attached garage spaces: 2 | Features | Levels: Three Or More | Pool features: None | Lot | Size: 6,969 sqft | Features: Corner Lot | Details | Parcel number: R336352 | Special conditions: Standard | Construction | Type & style | Home type: MultiFamily | Property subtype: Multi Family | Materials | Brick | Foundation: Slab | Roof: Composition | Condition | Year built: 2011 | Utilities & green energy | Sewer: Public Sewer | Water: Public | Utilities for property: Electricity Available, Sewer Available, Separate Meters, Water Available, Cable Available | Community & HOA | Community | Security: Fire Sprinkler System | Subdivision: Kathryn Commons Add | HOA | Has HOA: No | Location | Region: Frisco | Financial & listing details | Price per square foot: $1,776/sqft | Tax assessed value: $159,423 | Annual tax amount: $13,305 | Date on market: 9/14/2024 | Exclusions: Personal items."
  },
  {
    "propertyId": 7, 
    "propertyName": "Frisco Square Ph 5",
    "propertyAddress": "8285 Short St, Frisco, TX 75034",
    "propertyCity" : "Frisco",
    "propertyState" : "TX",
    "propertyZip" : "75034",
    "propertyType" : "Condos",
    "propertyCoordinates" : "33.14673451388992, -96.83242100287711",
    "propertyFeatures" : "What's special | Modern luxe cabinetsCorner townhouseBosch appliancesQuartz countertopsSpa bathSoaring ceilingsOversized walk-in closet | Beautifully corner townhouse with 3 sides windows for the maximum in natural sunlight. Newly remodeled with a modern design. URBAN Living at its best in this TOWNHOME Located in the Downtown Frisco surrounded by all the famous restaurants, activities and much more. This 3 story townhouse comes with a low HOA. The latest in an open-concept design with soaring ceilings, 8 ft doors, Luxury vinyl flooring, modern luxe cabinets, GOURMET KITCHENS, quartz countertops, LED can lights, and 2nd floor opens up to a large gourmet kitchen with Bosch appliances and beautiful quartz countertops. The third floor opens to a spacious master retreat with OVERSIZED walk-in closet, Spa Bath with an walk-in shower. Large 2-car side with rear entry garage. Seller can convert the 1st floor living area to a bedroom or an office, cost of conversion will be based on design and material used. HAVE YOUR SMALL BUSINESS IN YOUR HOME WITH THE LIVE-WORK CONCEPT! DOWNTOWN URBAN LIVING at it's finest! | Facts & features | Interior | Bedrooms & bathrooms | Bedrooms: 3 | Bathrooms: 4 | Full bathrooms: 3 | 1/2 bathrooms: 1 | Primary bedroom | Level: First | Dimensions: 13 x 12 | Primary bedroom | Level: Third | Dimensions: 20 x 18 | Bedroom | Level: Third | Dimensions: 13 x 12 | Dining room | Level: Second | Dimensions: 14 x 12 | Kitchen | Level: Second | Dimensions: 17 x 15 | Living room | Level: Second | Dimensions: 20 x 17 | Living room | Level: Second | Dimensions: 17 x 14 | Living room | Level: First | Dimensions: 16 x 16 | Utility room | Level: Third | Dimensions: 8 x 6 | Heating | Fireplace(s), Gas | Cooling | Central Air, Ceiling Fan(s), Electric | Appliances | Included: Some Gas Appliances, Dishwasher, Disposal, Gas Range, Microwave, Plumbed For Gas | Laundry: Laundry in Utility Room | Features | Chandelier, Decorative/Designer Lighting Fixtures, Eat-in Kitchen, Granite Counters, High Speed Internet, Kitchen Island, Pantry, Cable TV, Wired for Data | Flooring: Ceramic Tile, Luxury Vinyl, Luxury VinylPlank | Has basement: Yes | Number of fireplaces: 1 | Fireplace features: Decorative, Electric, Insert | Interior area | Total interior livable area: 3,239 sqft | Virtual tour | View virtual tour | Property | Parking | Total spaces: 2 | Parking features: Garage, Garage Door Opener, Garage Faces Rear | Attached garage spaces: 2 | Features | Levels: Three Or More | Patio & porch: Balcony | Exterior features: Balcony | Pool features: None | Lot | Size: 2,613 sqft | Features: Corner Lot, Landscaped, Few Trees | Details | Parcel number: R86530F801901 | Special conditions: Standard | Construction | Type & style | Home type: Condo | Property subtype: Condominium | Attached to another structure: Yes | Materials | Foundation: Slab | Roof: Composition | Condition | Year built: 2005 | Utilities & green energy | Sewer: Public Sewer | Water: Public | Utilities for property: Electricity Connected, Natural Gas Available, Phone Available, Sewer Available, Separate Meters, Underground Utilities, Water Available, Cable Available | Green energy | Energy efficient items: Construction, HVAC, Insulation, Lighting, Windows | Water conservation: Low-Flow Fixtures | Community & HOA | Community | Features: Community Mailbox, Curbs, Sidewalks | Subdivision: Frisco Square Ph 5 | HOA | Has HOA: Yes | Amenities included: Maintenance Front Yard | Services included: Association Management, Maintenance Grounds | HOA fee: $179 monthly | Location | Region: Frisco | Financial & listing details | Price per square foot: $178/sqft | Tax assessed value: $503,092 | Annual tax amount: $9,533 | Date on market: 4/18/2024"
  },
  {
    "propertyId": 8, 
    "propertyName": "Wade Settlement Ph One",
    "propertyAddress": "8081 Snowmass Dr, Frisco, TX 75034",
    "propertyCity" : "Frisco",
    "propertyState" : "TX",
    "propertyZip" : "75034",
    "propertyType" : "Condos",
    "propertyCoordinates" : "33.1138993275236, -96.81460822986183",
    "propertyFeatures" : "What's special | Refreshing poolLush greenbelt | Welcome to 8081 Snowmass Drive in Frisco, TX! This stunning 3-story townhome located across from a lush greenbelt offers convenience and style, located close to schools, dining, and entertainment options including The Star. With 3 spacious bedrooms and 3.5 luxurious bathrooms, this residence provides ample space for comfortable living. Enjoy the versatility of 2 inviting living areas, perfect for relaxation and entertainment. The home boasts over 1,900 square feet of beautifully designed living space, complemented by a 2-car garage for your convenience. The community features a refreshing pool, adding to the appeal of this fantastic property. Don't miss out on this exceptional opportunity! | Facts & features | Interior | Bedrooms & bathrooms | Bedrooms: 3 | Bathrooms: 4 | Full bathrooms: 3 | 1/2 bathrooms: 1 | Primary bedroom | Level: Second | Dimensions: 16 x 13 | Bedroom | Level: Second | Dimensions: 11 x 13 | Bedroom | Level: Second | Dimensions: 10 x 10 | Bonus room | Level: Third | Dimensions: 15 x 20 | Dining room | Level: First | Dimensions: 11 x 12 | Kitchen | Level: First | Dimensions: 11 x 9 | Living room | Level: First | Dimensions: 14 x 21 | Heating | Central | Cooling | Central Air, Ceiling Fan(s), Electric | Appliances | Included: Dishwasher, Electric Oven, Gas Cooktop, Microwave | Features | Double Vanity, Granite Counters, Multiple Staircases, Open Floorplan | Flooring: Carpet, Luxury Vinyl Plank, Tile | Has basement: No | Has fireplace: No | Interior area | Total interior livable area: 1,992 sqft | Virtual tour | View virtual tour | Property | Parking | Total spaces: 2 | Parking features: Additional Parking, Concrete, Driveway, On Street | Attached garage spaces: 2 | Features | Levels: Three Or More | Patio & porch: Awning(s), Deck, Covered | Exterior features: Rain Gutters | Pool features: Community | Fencing: None | Lot | Size: 1,524 sqft | Features: Backs to Greenbelt/Park, Landscaped, Few Trees | Details | Parcel number: R1142200B00601 | Special conditions: Standard | Construction | Type & style | Home type: Condo | Architectural style: Traditional | Property subtype: Condominium | Materials | Brick | Foundation: Slab | Roof: Composition | Condition | Year built: 2018 | Utilities & green energy | Sewer: Public Sewer | Water: Public | Utilities for property: Sewer Available, Water Available | Community & HOA | Community | Features: Pool, Community Mailbox, Sidewalks | Security: Smoke Detector(s) | Subdivision: Wade Settlement Ph One | HOA | Has HOA: Yes | Amenities included: Maintenance Front Yard | Services included: All Facilities, Association Management, Maintenance Grounds | HOA fee: $525 quarterly | Location | Region: Frisco | Financial & listing details | Price per square foot: $266/sqft | Tax assessed value: $530,186 | Annual tax amount: $8,275 | Date on market: 7/3/2024"
  },
  {
    "propertyId": 9, 
    "propertyName": "Corvalla Condos Bldg B",
    "propertyAddress": "5270 Town And Country Blvd UNIT 215, Frisco, TX 75034",
    "propertyCity" : "Frisco",
    "propertyState" : "TX",
    "propertyZip" : "75034",
    "propertyType" : "Condos",
    "propertyCoordinates" : "33.090298703523615, -96.84371066055112",
    "propertyFeatures" : "What's special | Gas fireplaceHigh ceilingsComfortable sitting areaLuxurious marble master bathOversized primary bedroom | Corvalla Condominiums claims to be in the process of remediating both the interior and exterior components of the property.This is an excellent investment opportunity to purchase a pre-remediated unit at Corvalla.The property is sold AS IS.This unit has been inspected and tested positive for mold and is in the process of remediation.The process is expected to be cleared soon.Currently, there is no plenum in the unit for heat or air conditioning.Once completed, this gorgeous property will allow a lucky owner to wake up each morning to an oversized primary bedroom with a comfortable sitting area and a luxurious marble master bath.High ceilings and a gas fireplace enhance the elegant living space.Also includes social membership to Stonebriar Country Club included in your HOA dues.Please review all documents provided in the listing before making an appointment.Contact agent to see any and all documents.8x10 storage unit in parking garage is also for sale and not included in this price. | Facts & features | Interior | Bedrooms & bathrooms | Bedrooms: 2 | Bathrooms: 3 | Full bathrooms: 2 | 1/2 bathrooms: 1 | Primary bedroom | Features: Garden Tub/Roman Tub, Separate Shower, Walk-In Closet(s) | Level: First | Dimensions: 19 x 14 | Bedroom | Level: First | Dimensions: 17 x 13 | Kitchen | Features: Built-in Features, Eat-in Kitchen, Kitchen Island, Stone Counters | Level: First | Dimensions: 21 x 9 | Living room | Level: First | Dimensions: 29 x 16 | Office | Level: First | Dimensions: 11 x 11 | Heating | Central, Geothermal, Natural Gas | Cooling | Central Air, Electric, Geothermal | Appliances | Included: Some Gas Appliances, Built-In Refrigerator, Convection Oven, Dishwasher, Electric Oven, Gas Cooktop, Disposal, Plumbed For Gas, Refrigerator, Vented Exhaust Fan, Wine Cooler | Features | Decorative/Designer Lighting Fixtures, Eat-in Kitchen, High Speed Internet, Kitchen Island, Open Floorplan, Cable TV, Walk-In Closet(s), Wired for Sound | Flooring: Carpet, Ceramic Tile, Luxury Vinyl Plank | Has basement: No | Number of fireplaces: 1 | Fireplace features: Electric, Gas Log, Heatilator, Metal | Interior area | Total interior livable area: 2,427 sqft | Virtual tour | View virtual tour | Property | Parking | Total spaces: 2 | Parking features: Assigned, Common, Covered, Underground, Garage, Garage Door Opener | Attached garage spaces: 2 | Accessibility | Accessibility features: Accessible Elevator Installed, Accessible Approach with Ramp, Accessible Doors | Features | Levels: One | Stories: 1 | Pool features: Gunite, Heated, In Ground, Water Feature | Fencing: Metal | Lot | Size: 4.02 Acres | Details | Parcel number: R770666 | Special conditions: Standard | Construction | Type & style | Home type: Condo | Architectural style: Contemporary/Modern | Property subtype: Condominium | Attached to another structure: Yes | Materials | Block, Rock, Stone, Stucco, Wood Siding | Foundation: Other | Roof: Metal,Other | Condition | Year built: 2019 | Utilities & green energy | Sewer: Public Sewer | Water: Public | Utilities for property: Electricity Available, Sewer Available, Separate Meters, Water Available, Cable Available | Community & HOA | Community | Features: Community Mailbox | Subdivision: Corvalla Condos Bldg B | HOA | Has HOA: Yes | Services included: All Facilities, Association Management, Gas, Maintenance Grounds, Maintenance Structure | HOA fee: $1,612 monthly | Location | Region: Frisco | Financial & listing details | Price per square foot: $307/sqft | Annual tax amount: $16,596 | Date on market: 6/10/2024"
  },
  {
    "propertyId": 10, 
    "propertyName": "The Village At Panther Creek Ph One",
    "propertyAddress": "9829 Clancy Dr, Frisco, TX 75035",
    "propertyCity" : "Frisco",
    "propertyState" : "TX",
    "propertyZip" : "75035",
    "propertyType" : "Single Family Residence",
    "propertyCoordinates" : "33.17782776827841, -96.79583521822032",
    "propertyFeatures" : "What's special | Sparkling poolStone fireplaceHigh ceilingsPrivate backyard paradiseWide plank hardwood floorsSleek kitchenSoaking tub | Welcome to a luxurious retreat in the heart of Frisco, where elegance meets sophisticated charm. Step inside to light-filled spaces with high ceilings, a sweeping staircase. The sleek kitchen's modern toned cabinetry and pristine countertops is perfect for hosting dinners that impress. The downstairs primary suite is a peaceful oasis, complete with a soaking tub for ultimate relaxation. A second bedroom suite downstairs provides living flexibility. The living room’s stone fireplace anchors the space, while wide plank hardwood floors add warmth throughout. Upstairs second living, theater compliment the remaining bedrooms. Step outside to your private backyard paradise with a sparkling pool, spa, lush landscaping, perfect for sun-kissed and evening swims. Vibrant lifestyle awaits; premier shopping, top-rated schools, easy access to The Star. Experience the perfect blend of suburban tranquility and modern convenience in highly desired Dominion at Panther Creek, crafted by Darling Homes. | Facts & features | Interior | Bedrooms & bathrooms | Bedrooms: 5 | Bathrooms: 6 | Full bathrooms: 4 | 1/2 bathrooms: 2 | Primary bedroom | Level: First | Dimensions: 16 x 17 | Bedroom | Level: Second | Dimensions: 10 x 13 | Bedroom | Level: Second | Dimensions: 12 x 7 | Bedroom | Level: First | Dimensions: 14 x 14 | Bedroom | Level: Second | Dimensions: 16 x 17 | Primary bathroom | Level: First | Dimensions: 11 x 15 | Dining room | Level: First | Dimensions: 12 x 14 | Kitchen | Level: First | Dimensions: 16 x 14 | Laundry | Level: First | Dimensions: 9 x 10 | Living room | Level: Second | Dimensions: 14 x 26 | Living room | Level: First | Dimensions: 20 x 23 | Mud room | Level: First | Dimensions: 11 x 13 | Office | Level: First | Dimensions: 11 x 14 | Heating | Central, Natural Gas | Cooling | Central Air, Electric | Appliances | Included: Double Oven, Dishwasher, Electric Oven, Gas Cooktop, Disposal, Microwave | Laundry: Washer Hookup, Electric Dryer Hookup, Laundry in Utility Room | Features | Wet Bar, Built-in Features, Chandelier, Decorative/Designer Lighting Fixtures, Double Vanity, High Speed Internet, Kitchen Island, Multiple Staircases, Open Floorplan, Pantry, Smart Home, Walk-In Closet(s), Wired for Sound | Flooring: Carpet, Ceramic Tile, Hardwood | Windows: Plantation Shutters, Window Coverings | Has basement: No | Number of fireplaces: 1 | Fireplace features: Gas, Living Room | Interior area | Total interior livable area: 4,733 sqft | Virtual tour | View virtual tour | Property | Parking | Total spaces: 3 | Parking features: Additional Parking, Alley Access, Converted Garage, Door-Multi, Driveway, Garage, Golf Cart Garage, Garage Door Opener, Kitchen Level, Garage Faces Rear | Attached garage spaces: 3 | Features | Levels: Two | Stories: 2 | Patio & porch: Covered | Exterior features: Lighting, Outdoor Grill | Pool features: Gunite, Heated, In Ground, Outdoor Pool, Pool, Pool Sweep, Community | Fencing: Back Yard,Fenced,Stone,Wood | Lot | Size: 0.27 Acres | Dimensions: 143 x 90 | Features: Landscaped, Many Trees, Few Trees | Details | Parcel number: R837000D02101 | Special conditions: Standard | Other equipment: Home Theater, Irrigation Equipment | Construction | Type & style | Home type: SingleFamily | Architectural style: Traditional,Detached | Property subtype: Single Family Residence | Materials | Brick, Rock, Stone, Stone Veneer, Wood Siding | Foundation: Slab | Roof: Asphalt,Composition,Shingle | Condition | Year built: 2004 | Utilities & green energy | Sewer: Public Sewer | Water: Public | Utilities for property: Electricity Available, Electricity Connected, Natural Gas Available, Sewer Available, Separate Meters, Water Available | Community & HOA | Community | Features: Curbs, Playground, Park, Pool, Trails/Paths | Security: Prewired, Carbon Monoxide Detector(s), Fire Alarm | Subdivision: Village At Panther Creek Ph One The | HOA | Has HOA: Yes | Services included: All Facilities, Association Management | HOA fee: $555 annually | Location | Region: Frisco | Financial & listing details | Price per square foot: $195/sqft | Tax assessed value: $867,333 | Date on market: 9/19/2024"
  },
  {
    "propertyId": 11, 
    "propertyName": "Christie & Wester Add",
    "propertyAddress": "9480 N County Rd, Frisco, TX 75033",
    "propertyCity" : "Frisco",
    "propertyState" : "TX",
    "propertyZip" : "75033",
    "propertyType" : "Single Family Residence",
    "propertyCoordinates" : "33.155111080080395, -96.82040232986047",
    "propertyFeatures" : "What's special | Heated screened-in-porchLots of natural lightBeautiful treesOpen floor planOutdoor fire-pitWood floorsWall of built-ins | One-of-a-kind home & treed corner lot in the highly sought-after Frisco Rail District! Upgrades include wood floors, brick fireplace & hearth with wood mantle, built-ins, upgraded cabinets with gold hardware, curtains, & granite. Additional 272 sqft with the screened-in-porch. Open floor plan with lots of natural light. Primary bedroom with wall of built-ins. NEW Hvac, electrical panel, windows, roof, carpet, and more! Watch football games & movies in your heated screened-in-porch. Hangout around the outdoor fire-pit. Cook pizza, steaks, and more on your new professional grade outdoor oven, the Gozney Dome. Brick patio with outdoor dining table. Walk to the Rail District for coffee, eats, & shopping. Exemplary Frisco ISD schools. Enjoy beautiful trees! Workshop with electricity. Walk to the 63-acre Frisco Commons Park with fishing, trails, playground, & splash pad. Frisco Rail District is getting even better with Main Street updates & new Plaza with an outdoor stage. No HOA. Come see! | Facts & features | Interior | Bedrooms & bathrooms | Bedrooms: 4 | Bathrooms: 3 | Full bathrooms: 2 | 1/2 bathrooms: 1 | Primary bedroom | Features: Ceiling Fan(s) | Level: First | Dimensions: 14 x 13 | Bedroom | Features: Ceiling Fan(s) | Level: First | Dimensions: 15 x 10 | Bedroom | Features: Ceiling Fan(s), Split Bedrooms | Level: First | Dimensions: 14 x 11 | Bedroom | Features: Ceiling Fan(s), Split Bedrooms | Level: First | Dimensions: 12 x 11 | Dining room | Level: First | Dimensions: 17 x 11 | Kitchen | Features: Breakfast Bar, Built-in Features, Granite Counters, Walk-In Pantry | Level: First | Dimensions: 18 x 10 | Living room | Features: Built-in Features, Ceiling Fan(s), Fireplace | Level: First | Dimensions: 17 x 13 | Utility room | Features: Built-in Features, Utility Room | Level: First | Dimensions: 13 x 12 | Heating | Central, Natural Gas | Cooling | Central Air, Electric | Appliances | Included: Dishwasher, Electric Cooktop, Electric Oven, Disposal, Gas Water Heater, Microwave, Refrigerator | Laundry: Washer Hookup, Electric Dryer Hookup, Laundry in Utility Room | Features | Decorative/Designer Lighting Fixtures, Granite Counters, High Speed Internet, Open Floorplan, Pantry, Paneling/Wainscoting, Natural Woodwork, Wired for Sound | Flooring: Carpet, Ceramic Tile, Wood | Windows: Window Coverings | Has basement: No | Number of fireplaces: 1 | Fireplace features: Gas Starter, Masonry, Raised Hearth, Wood Burning | Interior area | Total interior livable area: 1,908 sqft | Virtual tour | View virtual tour | Property | Parking | Total spaces: 1 | Parking features: Concrete, Garage | Garage spaces: 1 | Features | Levels: One | Stories: 1 | Patio & porch: Enclosed, Screened, Covered | Exterior features: Basketball Court, Courtyard, Fire Pit, Lighting, Other, Playground, Storage | Pool features: None | Fencing: Fenced,Wood | Lot | Size: 10,715 sqft | Dimensions: 143 x 75 | Features: Corner Lot, Landscaped, Many Trees | Details | Additional structures: Garage(s), Shed(s), Workshop | Parcel number: R098400900501 | Special conditions: Standard | Other equipment: Other | Construction | Type & style | Home type: SingleFamily | Architectural style: Ranch,Detached | Property subtype: Single Family Residence | Materials | Brick | Foundation: Combination, Pillar/Post/Pier, Slab | Roof: Composition | Condition | Year built: 1968 | Utilities & green energy | Sewer: Public Sewer | Water: Public | Utilities for property: Cable Available, Electricity Available, Natural Gas Available, Sewer Available, Separate Meters, Water Available | Community & HOA | Community | Features: Curbs | Subdivision: Christie & Wester Add | HOA | Has HOA: No | Location | Region: Frisco | Financial & listing details | Price per square foot: $277/sqft | Tax assessed value: $431,821 | Annual tax amount: $5,665 | Date on market: 8/19/2024"
  },
  {
    "propertyId": 12, 
    "propertyName": "Preston Gables Ph 4",
    "propertyAddress": "9880 Queens Rd, Frisco, TX 75035",
    "propertyCity" : "Frisco",
    "propertyState" : "TX",
    "propertyZip" : "75035",
    "propertyType" : "Single Family Residence",
    "propertyCoordinates" : "33.147245963668674, -96.79515911636886",
    "propertyFeatures" : "What's special | Brick fireplacePrivate patioCorner lotMature treesDelightful breakfast nook | Welcome to this charming 3-bedroom, 2-bathroom home nestled on a coveted corner lot in the heart of Frisco. This property boasts exceptional curb appeal with mature trees adorning the front yard. As you step inside, you're greeted by a cozy living room featuring a brick fireplace, that adds warmth and character to the space. The kitchen offers a delightful breakfast nook. The primary bedroom is complete with an ensuite 5-piece bath featuring dual sinks, a garden tub, a separate shower, and a generous walk-in closet. Two additional bedrooms share a full bathroom. Step outside to enjoy the private patio, a pergola, and a 6-person hot tub—perfect for outdoor entertaining. Conveniently located near Stonebriar Centre, shopping, and a variety of restaurants, this home offers both comfort and convenience in a prime location. Don't miss it! Click the Virtual Tour link to view the 3D walkthrough. | Facts & features | Interior | Bedrooms & bathrooms | Bedrooms: 3 | Bathrooms: 2 | Full bathrooms: 2 | Primary bedroom | Features: Ceiling Fan(s), En Suite Bathroom, Walk-In Closet(s) | Level: First | Dimensions: 13 x 15 | Bedroom | Features: Ceiling Fan(s) | Level: First | Dimensions: 10 x 13 | Bedroom | Features: Ceiling Fan(s) | Level: First | Dimensions: 10 x 11 | Primary bathroom | Features: Dual Sinks, En Suite Bathroom, Garden Tub/Roman Tub, Separate Shower | Level: First | Dimensions: 11 x 8 | Kitchen | Features: Breakfast Bar, Eat-in Kitchen | Level: First | Dimensions: 11 x 10 | Laundry | Level: First | Dimensions: 8 x 3 | Living room | Features: Ceiling Fan(s), Fireplace | Level: First | Dimensions: 15 x 17 | Heating | Central, Electric | Cooling | Central Air, Ceiling Fan(s), Electric | Appliances | Included: Dishwasher, Electric Range, Microwave | Laundry: Common Area | Features | Eat-in Kitchen, High Speed Internet, Open Floorplan, Cable TV, Walk-In Closet(s) | Flooring: Carpet, Tile | Windows: Window Coverings | Has basement: No | Number of fireplaces: 1 | Fireplace features: Living Room, Masonry | Interior area | Total interior livable area: 1,339 sqft | Virtual tour | View virtual tour | Property | Parking | Total spaces: 2 | Parking features: Concrete, Door-Multi, Driveway, On Site, Private, Garage Faces Rear | Attached garage spaces: 2 | Features | Levels: One | Stories: 1 | Patio & porch: Patio | Exterior features: Lighting, Private Entrance, Private Yard, Rain Gutters | Pool features: None | Fencing: Back Yard,Fenced,Full,Wood | Lot | Size: 7,840 sqft | Features: Corner Lot, Landscaped, Many Trees | Residential vegetation: Grassed | Details | Parcel number: R339500B01201 | Special conditions: Standard | Construction | Type & style | Home type: SingleFamily | Architectural style: Traditional,Detached | Property subtype: Single Family Residence | Materials | Brick | Foundation: Slab | Roof: Composition | Condition | Year built: 1998 | Utilities & green energy | Sewer: Public Sewer | Water: Public | Utilities for property: Electricity Available, Phone Available, Sewer Available, Water Available, Cable Available | Community & HOA | Community | Features: Curbs, Sidewalks | Subdivision: Preston Gables Ph 4 | HOA | Has HOA: No | Location | Region: Frisco | Financial & listing details | Price per square foot: $280/sqft | Tax assessed value: $383,005 | Annual tax amount: $5,419 | Date on market: 9/25/2024 | Exclusions: Personal property."
  }
]